Subject,Start Date,Start Time,End Date,End Time,All Day Event,Description,Location,Private
Fix dev server port conflict,7/18/2025,9:00 AM,7/18/2025,11:00 AM,FALSE,"Development Task - Fix dev server port conflict (1420), Complete Spotify playback controls","Home Office",FALSE
Create brand identity guidelines,7/18/2025,2:00 PM,7/18/2025,4:00 PM,FALSE,"Marketing Task - Create brand identity guidelines, Design logo variations","Home Office",FALSE
Implement Spotify search functionality,7/21/2025,9:00 AM,7/21/2025,11:00 AM,FALSE,"Development Task - Implement Spotify search functionality, Add playlist viewing","Home Office",FALSE
Set up social media accounts,7/21/2025,2:00 PM,7/21/2025,4:00 PM,FALSE,"Marketing Task - Set up social media accounts, Create content calendar","Home Office",FALSE
Design and implement app icon,7/22/2025,9:00 AM,7/22/2025,11:00 AM,FALSE,"Development Task - Design and implement app icon/logo, Polish UI/UX","Home Office",FALSE
Write app description for app stores,7/22/2025,2:00 PM,7/22/2025,4:00 PM,FALSE,"Marketing Task - Write app description for app stores, Create feature graphics","Home Office",FALSE
Implement user library management,7/23/2025,9:00 AM,7/23/2025,11:00 AM,FALSE,"Development Task - Implement user library management, Add settings persistence","Home Office",FALSE
Create landing page wireframes,7/23/2025,2:00 PM,7/23/2025,4:00 PM,FALSE,"Marketing Task - Create landing page wireframes, Write compelling copy","Home Office",FALSE
Package app for all platforms,7/24/2025,9:00 AM,7/24/2025,11:00 AM,FALSE,"Development Task - Package app for Windows, macOS, Linux, Internal testing","Home Office",FALSE
Set up Google Analytics,7/24/2025,2:00 PM,7/24/2025,4:00 PM,FALSE,"Marketing Task - Set up Google Analytics and tracking, Create email signup","Home Office",FALSE
Research Apple Music API,7/25/2025,9:00 AM,7/25/2025,11:00 AM,FALSE,"Development Task - Research Apple Music API integration, Set up developer account","Home Office",FALSE
Record demo video,7/25/2025,2:00 PM,7/25/2025,4:00 PM,FALSE,"Marketing Task - Record demo video of app features, Create tutorial videos","Home Office",FALSE
Implement Apple Music authentication,7/28/2025,9:00 AM,7/28/2025,11:00 AM,FALSE,"Development Task - Implement Apple Music authentication, Add playback controls","Home Office",FALSE
Create infographic,7/28/2025,2:00 PM,7/28/2025,4:00 PM,FALSE,"Marketing Task - Create infographic about music streaming, Design comparison chart","Home Office",FALSE
Develop universal search,7/29/2025,9:00 AM,7/29/2025,11:00 AM,FALSE,"Development Task - Develop universal search across services, Create service UI","Home Office",FALSE
Set up Discord server,7/29/2025,2:00 PM,7/29/2025,4:00 PM,FALSE,"Marketing Task - Set up Discord server for community, Create GitHub Discussions","Home Office",FALSE
Implement cross-service playlists,7/30/2025,9:00 AM,7/30/2025,11:00 AM,FALSE,"Development Task - Implement cross-service playlist basics, Add recommendations","Home Office",FALSE
Write press release,7/30/2025,2:00 PM,7/30/2025,4:00 PM,FALSE,"Marketing Task - Write press release for beta launch, Create media kit","Home Office",FALSE
Performance optimization,7/31/2025,9:00 AM,7/31/2025,11:00 AM,FALSE,"Development Task - Performance optimization, Bug fixes, Prepare for beta","Home Office",FALSE
Create Reddit strategy,7/31/2025,2:00 PM,7/31/2025,4:00 PM,FALSE,"Marketing Task - Create Reddit strategy, Design Reddit graphics","Home Office",FALSE 